<?xml version="1.0" encoding="UTF-8" standalone="yes"?>
<addon id="service.subtitles.argenteam"
       name="Argenteam.net"
       version="0.9.5.2"
       provider-name="estemendoza">
  <requires>
    <import addon="xbmc.python" version="3.0.0"/>
  </requires>
  <extension point="xbmc.subtitle.module"
             library="service.py" />
  <extension point="xbmc.addon.metadata">
    <summary lang="es">Descarga subtitulos de aRGENTeaM</summary>
    <summary lang="en">Download subtitles of aRGENTeaM</summary>
    <description lang="es">Argenteam es una comunidad virtual reunida alrededor del interés común por las series televisivas, películas y artes audiovisuales en general. El trabajo del equipo de traducción de aRGENTeaM redunda en un producto que puede disfrutar toda la comunidad, de manera libre y gratuita. Los subtítulos, por lo tanto, no son realizados con fines comerciales y queda expresamente prohibido su uso con esta finalidad. El producto final de estas traducciones queda alojado en este sitio para uso exclusivo y personal de aquellos que lo deseen</description>
    <description lang="en">Search and download subtitles from argenteam.net</description>
    <language>es</language>
    <platform>all</platform>
    <license>GNU GENERAL PUBLIC LICENSE. Version 2, June 1991</license>
    <forum>http://forum.xbmc.org/showthread.php?tid=190859</forum>
    <website>http://foro.argenteam.net/viewtopic.php?f=63&amp;t=149344</website>
    <email>estemendoza@gmail.com</email>
    <source>https://github.com/estemendoza/service.subtitles.argenteam</source>
    <assets>
      <icon>icon.png</icon>
    </assets>
  </extension>
</addon>
