<?xml version="1.0" encoding="UTF-8" standalone="yes"?>
<addon id="service.subtitles.subdivx"
       name="Subdivx.com"
       version="0.3.7.1"
       provider-name="cramm">
  <requires>
    <import addon="script.module.html2text" version="2015.6.21"/>
    <import addon="script.common.plugin.cache" version="2.5.5"/>
    <import addon="xbmc.python" version="3.0.0"/>
  </requires>
  <extension point="xbmc.subtitle.module"
             library="service.py" />
  <extension point="xbmc.addon.metadata">
    <summary lang="en">Subdivx.com</summary>
    <description lang="es">Busca y descarga subtítulos desde Subdivx.com</description>
    <description lang="en">Search and download subtitles from Subdivx.com</description>
    <language>es en</language>
    <platform>all</platform>
    <license>GNU GENERAL PUBLIC LICENSE. Version 2, June 1991</license>
    <forum>https://forum.kodi.tv/forumdisplay.php?fid=143</forum>
    <source>https://github.com/ramiro/service.subtitles.subdivx</source>
    <news>v0.3.5
    - Compatibilidad con últimos cambios en subdivx.com. Limite de 40 resultados. Agregado de caching opcional, ver nueva opción.
    </news>
    <assets>
      <icon>icon.png</icon>
    </assets>
  </extension>
</addon>
