<?xml version="1.0" encoding="UTF-8" standalone="yes"?>
<addon id="repository.guindous" name="guindous repository" version="1.0.0" provider-name="guindous">
		<extension point="xbmc.addon.repository" name="guindous repository">
			<dir>
				<info>https://raw.githubusercontent.com/guindous/repository.guindous/master/addons.xml</info>
				<checksum>https://raw.githubusercontent.com/guindous/repository.guindous/master/addons.xml.md5</checksum>
				<datadir zip="true">https://github.com/guindous/repository.guindous/raw/master/zip</datadir>
			</dir>
		</extension>
		<extension point="xbmc.addon.metadata">
			<summary>guindous repository</summary>
			<description>guindous repo for homeless addons</description>
			<platform>all</platform>
			<assets>
				<icon>icon.jpeg</icon>
			</assets>
		</extension>
</addon>
